elapsed,rss,cpuSeconds
0.00011478736996650696,0,0.0
0.10043729655444622,70213632,0.09
0.2028888761997223,91406336,0.19
0.30379089526832104,98844672,0.26
0.4042076524347067,104087552,0.31
0.5061886794865131,108806144,0.38
0.6067311074584723,111984640,0.45
0.709731811657548,115654656,0.52
0.8100954182446003,119062528,0.58
0.9104883447289467,120242176,0.65
1.0110151022672653,126914560,0.74
1.1113814674317837,130977792,0.81
1.2137036677449942,139628544,0.9
1.3140836358070374,159551488,1.0
1.4157774709165096,170823680,1.08
1.516078144311905,175669248,1.18
1.6178565323352814,178192384,1.23
1.7182060778141022,178323456,1.26
1.8186542764306068,178978816,1.29
1.919896336272359,181207040,1.34
2.0202528722584248,185008128,1.38
2.120703360065818,188809216,1.42
2.221128787845373,192086016,1.46
2.321532614529133,196149248,1.5
2.421861819922924,202858496,1.55
2.5221779886633158,202989568,1.61
2.622599983587861,203120640,1.65
2.7229284904897213,203382784,1.7
2.8237836807966232,204984320,1.76
2.9242649786174297,205115392,1.8
3.024707604199648,205115392,1.85
3.1250634398311377,206032896,1.9
3.225553937256336,209440768,1.95
3.326004644855857,214552576,1.99
3.4263314716517925,218103808,2.06
3.5268128402531147,218103808,2.1
3.6271471939980984,218365952,2.14
3.727603781968355,218365952,2.17
3.827947648242116,219021312,2.19
3.928345115855336,219021312,2.22
4.0287980530411005,219021312,2.25
4.12921098805964,219414528,2.29
4.229618726298213,219414528,2.33
4.330050112679601,220332032,2.37
4.430398209020495,222035968,2.41
4.5308410953730345,222035968,2.41
4.631195543333888,229244928,2.45
4.732539646327496,235929600,2.5
4.833280744031072,242352128,2.55
4.9336698316037655,248778752,2.61
5.034118477255106,248778752,2.62
5.13458176702261,249040896,2.65
5.234934691339731,249040896,2.71
5.335446700453758,249040896,2.74
5.435838835313916,249040896,2.76
5.536224003881216,249040896,2.76
5.637342996895313,249434112,2.81
5.737789472565055,249565184,2.85
5.838468691334128,249696256,2.87
5.938847815617919,250613760,2.9
6.039617296308279,251924480,2.93
6.1401049345731735,256643072,2.98
6.240472270175815,257691648,3.01
6.342072105035186,258871296,3.05
6.442403711378574,259788800,3.07
6.542732568457723,261230592,3.12
6.643073745071888,261713920,3.17
6.743536572903395,261713920,3.22
6.843930676579475,261976064,3.26
6.944869197905064,261976064,3.29
7.045283043757081,261976064,3.3
7.145674539729953,262893568,3.35
7.245994498953223,263024640,3.39
7.346541445702314,263155712,3.42
7.446883600205183,263155712,3.42
7.548365423455834,263155712,3.42
7.648760823532939,263942144,3.47
7.749183639883995,264073216,3.52
7.849617186933756,264204288,3.56
7.94996477290988,264204288,3.56
8.050343990325928,264204288,3.56
8.15073192678392,268922880,3.61
8.251377103850245,274427904,3.65
8.351805232465267,279539712,3.7
8.452845672145486,283267072,3.76
8.553163897246122,283267072,3.79
8.653501003980637,284053504,3.83
8.753810299560428,284315648,3.87
8.854222135618329,284315648,3.91
8.954651214182377,284315648,3.95
9.059814052656293,284839936,3.96
9.160814072936773,285233152,3.99
9.261996796354651,285364224,4.01
9.362379912286997,285364224,4.03
9.462760807946324,285364224,4.05
9.56308851391077,285495296,4.09
9.663585221394897,286412800,4.13
9.763954540714622,286412800,4.16
9.864296156913042,286543872,4.2
9.964716739952564,286674944,4.24
10.065105417743325,286806016,4.27
10.165880208835006,287571968,4.34
10.266280323266983,288358400,4.38
10.366692071780562,288489472,4.41
10.46707621589303,289406976,4.47
10.567475164309144,289538048,4.49
10.668699275702238,290455552,4.53
10.7690520118922,290455552,4.56
10.869604690000415,290455552,4.6
10.970004448667169,290586624,4.64
11.071027997881174,291373056,4.67
11.171402264386415,291635200,4.71
11.27177258208394,291635200,4.73
11.372192000970244,291635200,4.76
11.472632655873895,291635200,4.8
11.57298657298088,292552704,4.82
11.673326740041375,292552704,4.85
11.773993076756597,292552704,4.89
11.875785071402788,292552704,4.9
11.976192068308592,292552704,4.94
12.076813198626041,292814848,4.98
12.17766827531159,293994496,5.01
12.279118370264769,297668608,5.08
12.379579087719321,298455040,5.12
12.480081824585795,298586112,5.15
12.580833794549108,298586112,5.19
12.681223979219794,298717184,5.23
12.781621638685465,299634688,5.27
12.881952933967113,299634688,5.31
12.982304172590375,299765760,5.35
13.082715848460793,299896832,5.39
13.183068223297596,300683264,5.43
13.283807484433055,300814336,5.46
13.384206460788846,300814336,5.5
13.484647896140814,300945408,5.54
13.585035651922226,300945408,5.56
13.685497410595417,301010944,5.61
13.785985015332699,301797376,5.65
13.886377854272723,302059520,5.69
13.986775759607553,302059520,5.74
14.087209867313504,302977024,5.75
14.187773486599326,302977024,5.79
14.288089601323009,302977024,5.82
14.38850467838347,303108096,5.85
14.48884116485715,303239168,5.9
14.589190812781453,304025600,5.91
14.68964459747076,304156672,5.95
14.790034364908934,304287744,5.99
14.890372460708022,304287744,6.03
14.990865828469396,303325184,6.13
15.09127558581531,303587328,6.14
15.191716192290187,303587328,6.18
15.292529931291938,303587328,6.22
15.393265860155225,303587328,6.24
15.49366882815957,303587328,6.28
15.594059474766254,303980544,6.31
15.694423999637365,303980544,6.35
15.796776900067925,303980544,6.4
15.897797690704465,303980544,6.43
15.998147565871477,303980544,6.45
16.09865096397698,304373760,6.46
16.199073599651456,304373760,6.5
16.299531187862158,304373760,6.53
16.39994347654283,304373760,6.57
16.50027133151889,304373760,6.61
16.600788339972496,304635904,6.64
16.701198004186153,304766976,6.67
16.801625372841954,306077696,6.72
16.901966927573085,307257344,6.74
17.002325396984816,306913280,6.78
17.10283648222685,307568640,6.83
17.203233739361167,307568640,6.86
17.303684616461396,307568640,6.89
17.404017481952906,307568640,6.92
17.504364548251033,307568640,6.95
17.604726435616612,307568640,6.98
17.705086080357432,307961856,7.02
17.805480279028416,307961856,7.07
17.905841656029224,307961856,7.12
18.006210731342435,307961856,7.14
18.106706738471985,308224000,7.16
18.207034604623914,308224000,7.2
18.307450212538242,308224000,7.24
18.408029487356544,308224000,7.28
18.508410915732384,308224000,7.29
18.608863543719053,308486144,7.32
18.709256069734693,308486144,7.36
18.809771347790956,308486144,7.39
18.911429362371564,308486144,7.42
19.011795300990343,307195904,7.49
19.11219473555684,308375552,7.52
19.213255506008863,308375552,7.56
19.31367422454059,308375552,7.61
19.41410337947309,308375552,7.64
19.51444934681058,308375552,7.64
19.61479495279491,308768768,7.66
19.715735904872417,308768768,7.7
19.816114339977503,308768768,7.74
19.91669245623052,308768768,7.78
20.01780227944255,308768768,7.78
20.118170756846666,309161984,7.8
20.21857003122568,309161984,7.84
20.31941290013492,309161984,7.88
20.420555962249637,309161984,7.92
20.520957492291927,309424128,7.94
20.6213053856045,309686272,7.98
20.721737133339047,309817344,8.01
20.8221843726933,309817344,8.04
20.922626508399844,309817344,8.09
21.023133344948292,308912128,8.13
21.123586421832442,309174272,8.16
21.223972607403994,309174272,8.2
21.324476966634393,309174272,8.24
21.424845879897475,309174272,8.27
21.525296108797193,309174272,8.27
21.625674575567245,309567488,8.31
21.72603775188327,309567488,8.34
21.826426288112998,309567488,8.37
21.926994688808918,309567488,8.42
22.027585733681917,309567488,8.46
22.127950679510832,309567488,8.52
22.228336796164513,309305344,8.61
22.32871202379465,309305344,8.64
22.429054260253906,309305344,8.67
22.529528548941016,309305344,8.71
22.630048364400864,309567488,8.76
22.730410592630506,309567488,8.8
22.83083364740014,309567488,8.84
22.93118687532842,309567488,8.87
23.031575379893184,309567488,8.87
23.131983628496528,309960704,8.92
23.23237571492791,309960704,8.96
23.332818511873484,309960704,8.99
23.433709360659122,309960704,9.02
23.53466610237956,309960704,9.04
23.6350888479501,310222848,9.07
23.735710045322776,310222848,9.1
23.836132984608412,310222848,9.12
23.936604572460055,310222848,9.15
24.037002488970757,309215232,9.21
24.137401284649968,309477376,9.26
24.237996513023973,309477376,9.3
24.33838845975697,309477376,9.33
24.43885508365929,309477376,9.36
24.539282811805606,309477376,9.38
24.639691228047013,309870592,9.41
24.74006962403655,309870592,9.45
24.840638333931565,309870592,9.48
24.940953090786934,309870592,9.51
25.04132654890418,309870592,9.53
25.142051624134183,310263808,9.57
25.243184005841613,310263808,9.6
25.343629963696003,310263808,9.64
25.443998219445348,310263808,9.68
25.544375706464052,310263808,9.69
25.64477337151766,310657024,9.73
25.745103020220995,310657024,9.76
25.84547165594995,310657024,9.8
25.94586261175573,310657024,9.84
26.046193048357964,309256192,9.9
26.14666110649705,309518336,9.93
26.24713507294655,309518336,9.96
26.347567450255156,309518336,9.99
26.44798164628446,309518336,10.02
26.54837636463344,309518336,10.05
26.648808350786567,309911552,10.1
26.74919326789677,309911552,10.14
26.84957952424884,309911552,10.19
26.949970399960876,309911552,10.23
27.05038900859654,309911552,10.23
27.151276495307684,310304768,10.27
27.251735812053084,310304768,10.3
27.352106727659702,310304768,10.33
27.45248673669994,310304768,10.36
27.552978552877903,310304768,10.39
27.653381099924445,309301248,10.47
27.754162080585957,309301248,10.53
27.85450177639723,309301248,10.57
27.954865392297506,309825536,10.62
28.055858643725514,309825536,10.63
28.156209468841553,310218752,10.68
28.25659028440714,310218752,10.7
28.35690389201045,310218752,10.71
28.45721106790006,310218752,10.76
28.55763654410839,310611968,10.76
28.657975379377604,310611968,10.81
28.75842579640448,310611968,10.86
28.858878193423152,310611968,10.89
28.959240179508924,310611968,10.89
29.059739347547293,310874112,10.89
29.160148795694113,310874112,10.94
29.260656382888556,310874112,10.96
29.361413912847638,310874112,10.99
29.461913688108325,310874112,11.01
29.5630782879889,310874112,11.04
29.663855127990246,309907456,11.07
29.76420877687633,310169600,11.13
29.864565992727876,310169600,11.17
29.964926147833467,310169600,11.2
30.066003989428282,310169600,11.24
30.166732627898455,310562816,11.29
30.26714471541345,310562816,11.31
30.36757836304605,310562816,11.35
30.468068407848477,310562816,11.37
30.568471025675535,310562816,11.4
30.668826973065734,310824960,11.45
30.76922736875713,310824960,11.5
30.8698987159878,310824960,11.54
30.970272643491626,310824960,11.58
31.07070812024176,311218176,11.6
31.17110344581306,311218176,11.64
31.271492263302207,311218176,11.67
31.37195366062224,311218176,11.71
31.47231962531805,311349248,11.75
31.57297021523118,310276096,11.79
31.673440722748637,310276096,11.83
31.774098919704556,310276096,11.87
31.87449187785387,310276096,11.91
31.974924923852086,310276096,11.95
32.07536849938333,310276096,11.98
32.17575362883508,310276096,12.0
32.27610000409186,309956608,12.08
32.37643305957317,309956608,12.12
32.47692819684744,309956608,12.16
32.5772643648088,310218752,12.2
32.67775711230934,310218752,12.25
32.77987617813051,310218752,12.29
32.88017875701189,310218752,12.32
32.98058332130313,310218752,12.32
33.08097090758383,310611968,12.34
33.18131580390036,310611968,12.39
33.28169155307114,310611968,12.42
33.382076635956764,310611968,12.46
33.48247548379004,310611968,12.46
33.58296175301075,311005184,12.48
33.683288268744946,311005184,12.52
33.78366279229522,311005184,12.55
33.88448356278241,311005184,12.58
33.9848669283092,309997568,12.63
34.08557799831033,310259712,12.67
34.18605024367571,310259712,12.72
34.286450542509556,310259712,12.76
34.38677992857993,310259712,12.81
34.4872045237571,310259712,12.81
34.588263316079974,310652928,12.84
34.688728803768754,310652928,12.88
34.789112187922,310652928,12.91
34.889489043504,310652928,12.95
34.98989812284708,310652928,12.96
35.09025786817074,310915072,12.98
35.19066328369081,310915072,13.02
35.29104897193611,310915072,13.05
35.39139046892524,310915072,13.08
35.492600440979004,310915072,13.11
35.59303718805313,311308288,13.14
35.69377790391445,311308288,13.16
35.79410110227764,311308288,13.19
35.894436897709966,311308288,13.21
35.994798213243484,311308288,13.25
36.09514993056655,311308288,13.27
36.195603776723146,310022144,13.3
36.29598690383136,310284288,13.34
36.39874368533492,310284288,13.36
36.499109763652086,310284288,13.37
36.600027261301875,310284288,13.39
36.700418919324875,310284288,13.4
36.800828946754336,310284288,13.42
36.90239544957876,310284288,13.43
37.0038922149688,310284288,13.45
37.104319950565696,310284288,13.45
37.20548225194216,310284288,13.47
37.3067437838763,310284288,13.49
37.407146820798516,310284288,13.49
37.507878459990025,310284288,13.51
37.6082149669528,310677504,13.53
37.708999283611774,310677504,13.54
37.80937804095447,310677504,13.56
37.91122588887811,310677504,13.59
38.01186790689826,310677504,13.61
38.11217199265957,310677504,13.64
38.21270835958421,310677504,13.66
38.313129246234894,310677504,13.68
38.41373446397483,310939648,13.72
38.514659594744444,310939648,13.74
38.61537200398743,310939648,13.76
38.71577771008015,310939648,13.79
38.816174848005176,310939648,13.82
38.9165426325053,310939648,13.86
39.01802100613713,311332864,13.92
39.11915695667267,309989376,13.98
39.21961731463671,309989376,14.0
39.32005502283573,309989376,14.02
39.42044626735151,309989376,14.05
39.5219945833087,309989376,14.07
39.62263702042401,309989376,14.1
39.72321361862123,309989376,14.12
39.824086947366595,310251520,14.14
39.92466909624636,310251520,14.18
40.02537785470486,310251520,14.2
40.12580958008766,310251520,14.23
40.22657266072929,310251520,14.25
40.32747945934534,310251520,14.28
40.427904626354575,310251520,14.31
40.528414104133844,310251520,14.34
40.628849759697914,310644736,14.37
40.7291907183826,310644736,14.42
40.829612175002694,310644736,14.46
40.92993582971394,310644736,14.48
41.030318185687065,310644736,14.5
41.130708483979106,311037952,14.53
41.231070859357715,311037952,14.56
41.338211888447404,311037952,14.6
41.43877103738487,311037952,14.62
41.53920326381922,311037952,14.64
41.63961805216968,310353920,14.7
41.740054588764906,310353920,14.72
41.84088979661465,310353920,14.76
41.94133988395333,310353920,14.79
42.041727589443326,310353920,14.82
42.14210174791515,310616064,14.88
42.24244736507535,310616064,14.91
42.34279306791723,310616064,14.95
42.4431631565094,310616064,14.99
42.54369977489114,311009280,15.02
42.64409357123077,311009280,15.05
42.74488236941397,311009280,15.08
42.84527147561312,311009280,15.11
42.94573824480176,311009280,15.13
43.04612939991057,311009280,15.16
43.14650374464691,311402496,15.21
43.24692780338228,311402496,15.25
43.34768155217171,311402496,15.28
43.44812406785786,311402496,15.33
43.548523703590035,310304768,15.4
43.648996422067285,310304768,15.43
43.74992296472192,310304768,15.45
43.85029140859842,310304768,15.48
43.95079238526523,310304768,15.52
44.05120694451034,310304768,15.53
44.151642659679055,310304768,15.56
44.25204490683973,310304768,15.58
44.35301781632006,310304768,15.6
44.45336713269353,310304768,15.63
44.5538133289665,310435840,15.65
44.65571447648108,336080896,15.780000000000001
44.756808215752244,309891072,15.84
44.85716440156102,309891072,15.86
44.95761455222964,309891072,15.88
45.05853180959821,309891072,15.92
45.159052427858114,309891072,15.95
45.25944824330509,309891072,15.97
45.359884379431605,310153216,16.01
45.46107207238674,310153216,16.04
45.561491549015045,310153216,16.09
45.66182551532984,310153216,16.12
45.76304507628083,310546432,16.16
45.86343733407557,310546432,16.19
45.96382532082498,310546432,16.23
46.06420123577118,310546432,16.27
46.16462870500982,310546432,16.3
46.26511451974511,310546432,16.33
46.365525275468826,310939648,16.36
46.46587725356221,310939648,16.41
46.56655569188297,310939648,16.46
46.66698598861694,310939648,16.49
46.76762082800269,309551104,16.54
46.86799340322614,309813248,16.6
46.968393590301275,309813248,16.63
47.06882784888148,309813248,16.66
47.16923671402037,309813248,16.68
47.269645819440484,309813248,16.72
47.370030745863914,310206464,16.77
47.470479503273964,310206464,16.81
47.57087489031255,310206464,16.86
47.67120391689241,310599680,16.91
47.77164622396231,310599680,16.96
47.87200801074505,310599680,16.98
47.972343696281314,310599680,17.02
48.07275537215173,310992896,17.05
48.173151299357414,310992896,17.09
48.27353671565652,310992896,17.13
48.37399038299918,309592064,17.2
48.474333360791206,309854208,17.25
48.57495261542499,309854208,17.29
48.675321692600846,309854208,17.33
48.77578677050769,310247424,17.39
48.876205906271935,310247424,17.43
48.9768238440156,310247424,17.47
49.07722415216267,310730752,17.56
49.177665477618575,310730752,17.59
49.278484467417,310730752,17.63
49.378849763423204,310730752,17.66
49.47925149090588,310730752,17.69
49.579729767516255,311123968,17.75
49.68015296384692,311123968,17.79
49.78054755181074,311123968,17.83
49.880933675915,311123968,17.86
49.981341391801834,311386112,17.9
50.08175218105316,311386112,17.94
50.182148568332195,311386112,17.97
50.2852020598948,311386112,17.99
50.38622155971825,311386112,18.02
50.486651258543134,311648256,18.06
50.58707640506327,311648256,18.1
50.687468299642205,311648256,18.14
50.78836823999882,311648256,18.17
50.88879683800042,311648256,18.2
50.98938145674765,312041472,18.23
51.090019384399056,314007552,18.27
51.191058944910765,317284352,18.31
51.291535621508956,320036864,18.33
51.39192681759596,322920448,18.36
51.49229204468429,326721536,18.41
51.592740532010794,328818688,18.43
51.69314978830516,332619776,18.48
51.79368958435953,336551936,18.52
51.89410139247775,338386944,18.53
51.9946129899472,342319104,18.56
52.0955406203866,348872704,18.6
52.19592550583184,354377728,18.64
52.29624860174954,360800256,18.69
52.396657368168235,365912064,18.73
52.497073996812105,373514240,18.78
52.59749368019402,379543552,18.81
52.69792861863971,387145728,18.86
52.79832648485899,394604544,18.93
52.89882295206189,392773632,19.0
52.999148620292544,392773632,19.05
53.09953574463725,392773632,19.09
53.1998427528888,393166848,19.14
53.30040897987783,393166848,19.16
53.40086739696562,393166848,19.19
53.50130649283528,393166848,19.22
53.60237183235586,393297920,19.26
53.70276669971645,393297920,19.3
53.8031089566648,393297920,19.34
53.90349526144564,393297920,19.35
54.00482508353889,392736768,19.44
54.106201538816094,392736768,19.47
54.20658600330353,392736768,19.5
54.30803794786334,392736768,19.52
54.40840253420174,392736768,19.56
54.508875131607056,392736768,19.59
54.60963951982558,392736768,19.61
54.71005271561444,393129984,19.66
54.81038438156247,393129984,19.68
54.91098465025425,393129984,19.72
55.01131437532604,393129984,19.76
55.11170453205705,393523200,19.8
55.21218962967396,393523200,19.83
55.31261611543596,393523200,19.86
55.41354827582836,393523200,19.89
55.51389508321881,393523200,19.92
55.61421950906515,393523200,19.95
55.71472598798573,393785344,19.99
55.81521657295525,393785344,20.03
55.9159557428211,393785344,20.07
56.016324577853084,394178560,20.12
56.1169268283993,394178560,20.16
56.21729387156665,394178560,20.2
56.317679380998015,394702848,20.25
56.41811769641936,394702848,20.28
56.518425641581416,394702848,20.32
56.61884289979935,394702848,20.37
56.71915768459439,395096064,20.42
56.81985076330602,395096064,20.44
56.920442732051015,395096064,20.48
57.020870588719845,395096064,20.51
57.121271803975105,395489280,20.55
57.22177542001009,395489280,20.59
57.32225354015827,395489280,20.62
57.42273026704788,395489280,20.66
57.52313531190157,395489280,20.68
57.62362379953265,395751424,20.7
57.724838480353355,397930496,20.76
57.82520821876824,393863168,20.83
57.92563685402274,393863168,20.86
58.02598345093429,393863168,20.89
58.127296624705195,393863168,20.92
58.22826784476638,393863168,20.96
58.32869482971728,394256384,20.99
58.43031879328191,394256384,21.02
58.53078481182456,394256384,21.05
58.631632490083575,394256384,21.09
58.73204838857055,394256384,21.13
58.832410752773285,394518528,21.17
58.93284882977605,394518528,21.22
59.03325859643519,394518528,21.26
59.13362373225391,394518528,21.29
59.23402460850775,394780672,21.32
59.334367826581,394780672,21.34
59.434792751446366,394780672,21.36
59.53802387602627,394780672,21.38
59.638449063524604,394780672,21.41
59.73880193941295,394780672,21.44
59.83911403641105,394780672,21.46
59.93952377140522,399237120,21.51
60.039956379681826,400023552,21.53
60.14094015955925,400941056,21.55
60.24136235564947,401727488,21.59
60.341818783432245,402251776,21.6
60.44218681938946,402644992,21.62
60.54262528754771,403038208,21.64
60.643873328343034,405266432,21.66
60.74439209699631,408281088,21.69
60.84477846138179,409329664,21.72
60.945087717846036,410902528,21.77
61.04613865725696,412344320,21.81
61.14654814451933,416669696,21.84
61.246909191831946,417849344,21.88
61.3472306355834,419028992,21.92
61.447843715548515,420339712,21.96
61.548818465322256,422961152,22.0
61.64916595257819,423579648,22.09
61.74965240806341,423579648,22.12
61.85012869536877,423579648,22.15
61.950599912554026,423710720,22.18
62.0509899687022,423841792,22.22
62.151354586705565,424095744,22.31
62.25200754404068,424095744,22.33
62.35291752405465,424095744,22.37
62.45326950028539,424095744,22.4
62.55369235575199,424095744,22.43
62.65405606478453,424357888,22.48
62.75442727096379,424357888,22.52
62.85480818338692,424357888,22.56
62.95518399216235,424357888,22.61
63.05587953142822,424620032,22.65
63.1563237272203,424620032,22.7
63.25675423629582,424620032,22.75
63.35720205307007,424620032,22.78
63.45762962847948,425013248,22.82
63.558145336806774,425013248,22.83
63.658562252298,425013248,22.86
63.75886164791882,425013248,22.88
63.85918831452727,425013248,22.9
63.95970721170306,425013248,22.94
64.06002410687506,425013248,22.98
64.1604319717735,425013248,23.01
64.26102530024946,425013248,23.05
64.36139442771673,425406464,23.07
64.4618847835809,425406464,23.09
64.56236362271011,425406464,23.13
64.66278941743076,425406464,23.16
64.7631130348891,425406464,23.2
64.86406349390745,425799680,23.24
64.96473011188209,425799680,23.27
65.06513166055083,425799680,23.3
65.16685842350125,425799680,23.33
65.26723273284733,425799680,23.36
65.36767402850091,426192896,23.4
65.46858579665422,426192896,23.43
65.56895320490003,426192896,23.46
65.66963717155159,426192896,23.5
65.7700085286051,424132608,23.57
65.87031622417271,424394752,23.63
65.97129017487168,424394752,23.67
66.07176961936057,424394752,23.7
66.17213390767574,424787968,23.76
66.2724821548909,424787968,23.79
66.37285285256803,424787968,23.83
66.47360521927476,424787968,23.88
66.57403264380991,425181184,23.92
66.67444734275341,425181184,23.96
66.77482840791345,425181184,23.99
66.87521513551474,425181184,24.03
66.97561371140182,425443328,24.07
67.0759509485215,425443328,24.12
67.17634078487754,425443328,24.17
67.27673457190394,425836544,24.22
67.37713476829231,425836544,24.26
67.4776809848845,425836544,24.28
67.57803867198527,425836544,24.31
67.67839883640409,426098688,24.35
67.7787908129394,426098688,24.39
67.87923225015402,426098688,24.43
67.98022327199578,426098688,24.48
68.0819404963404,426098688,24.49
68.18232934176922,426491904,24.53
68.282715247944,426491904,24.56
68.3831095341593,426491904,24.6
68.48415724560618,426491904,24.63
68.58469016291201,424103936,24.71
68.68506988883018,424366080,24.76
68.78569737635553,424366080,24.8
68.88608881272376,424366080,24.83
68.98670345172286,424759296,24.86
69.08709829859436,424759296,24.91
69.18745152465999,424759296,24.95
69.28784517943859,424759296,24.98
69.38822477683425,424759296,25.02
69.48869141377509,425283584,25.05
69.58907121047378,425283584,25.08
69.68941632844508,425414656,25.11
69.78982315212488,425545728,25.14
69.89017643965781,425545728,25.17
69.99061470665038,426463232,25.22
70.09102297201753,426463232,25.26
70.19141386076808,426594304,25.28
70.29200628772378,426725376,25.31
70.39253544434905,426725376,25.33
70.49304642155766,427642880,25.36
70.59341609664261,427642880,25.39
70.69382029399276,427642880,25.42
70.79414957948029,427905024,25.46
70.89979171939194,428429312,25.52
71.0001272559166,426770432,25.61
71.1006107032299,426770432,25.65
71.20100178942084,426770432,25.69
71.30133144557476,426770432,25.71
71.40169843286276,427032576,25.75
71.5024048499763,427032576,25.78
71.60285288840532,427032576,25.81
71.70323597453535,427032576,25.84
71.8036731928587,427032576,25.89
71.90407295525074,427425792,25.92
72.0044459644705,427425792,25.94
72.10496572032571,427425792,25.98
72.2052860558033,427425792,26.0
72.30692799203098,427819008,26.05
72.40735365822911,427819008,26.08
72.50789563544095,427819008,26.12
72.60830740071833,427819008,26.15
72.70872198790312,427819008,26.19
72.80908321589231,428212224,26.23
72.90940142050385,428212224,26.26
73.00985344871879,428212224,26.29
73.1102486513555,428212224,26.34
73.21064341068268,428212224,26.38
73.3110732678324,428212224,26.42
73.41148426383734,428605440,26.46
73.51374219171703,428605440,26.48
73.61410000734031,428605440,26.52
73.71448649466038,428605440,26.55
73.81480877287686,428605440,26.59
73.91535223834217,428998656,26.63
74.0161743760109,428998656,26.66
74.11688033677638,428998656,26.68
74.21730441227555,428998656,26.7
74.31867508403957,428998656,26.73
74.41912163235247,428998656,26.75
74.51970444060862,428998656,26.77
74.6201006770134,429391872,26.82
74.72074960358441,426946560,26.9
74.82131087221205,426946560,26.94
74.92177717760205,426946560,26.94
75.02213058434427,426946560,26.95
75.1226305924356,426946560,26.98
75.22315433807671,426946560,27.01
75.32360880635679,426946560,27.04
75.42403816245496,427339776,27.07
75.52448124065995,427339776,27.1
75.62484296411276,427339776,27.12
75.72522532008588,427339776,27.16
75.82561076804996,427339776,27.19
75.92592989467084,427601920,27.25
76.02629292942584,427601920,27.29
76.1267427969724,427601920,27.32
76.22707633301616,427601920,27.35
76.32743887975812,427601920,27.39
76.42818180844188,427995136,27.43
76.52867065556347,427995136,27.45
76.62908831238747,427995136,27.48
76.72960696741939,427995136,27.51
76.82997294329107,427995136,27.53
76.93037425167859,427995136,27.56
77.03132029250264,428388352,27.59
77.13316288776696,428388352,27.62
77.23460922017694,428388352,27.64
77.33499584905803,428388352,27.68
77.43658101931214,428388352,27.71
77.53701156750321,428388352,27.72
77.6373986247927,428781568,27.76
77.73781985975802,428781568,27.78
77.83882958069444,428781568,27.81
77.93916638754308,428781568,27.85
78.0404554810375,428781568,27.89
78.14087571576238,429043712,27.93
78.2418609764427,429043712,27.96
78.34249226376414,429043712,27.99
78.44280564039946,429043712,28.04
78.54369172081351,430092288,28.08
78.64430773630738,431271936,28.12
78.7459694929421,432582656,28.17
78.84668273292482,433893376,28.2
78.94783420301974,433811456,28.29
79.04819435812533,429735936,28.33
79.14969435147941,429735936,28.37
79.2501125689596,429735936,28.38
79.35073209553957,429735936,28.41
79.45123973302543,429735936,28.43
79.5517585799098,429735936,28.45
79.65221773646772,430129152,28.49
79.75357975997031,430129152,28.51
79.85403744876385,430129152,28.53
79.9544509537518,430129152,28.55
80.05502595193684,430129152,28.57
80.15540106780827,430129152,28.58
80.25593519583344,430129152,28.6
80.35672459192574,430391296,28.64
80.45721295289695,430391296,28.67
80.55771489813924,430391296,28.71
80.65818165615201,430391296,28.75
80.75857364013791,430391296,28.78
80.85898599587381,430653440,28.83
80.9594167843461,430653440,28.87
81.05985707230866,430653440,28.92
81.16079187951982,431046656,28.98
81.26141274906695,429928448,29.08
81.36495696380734,429928448,29.12
81.46534245274961,429928448,29.16
81.56590754725039,429928448,29.21
81.66674266755581,430190592,29.26
81.76725982688367,430190592,29.29
81.86776786483824,430190592,29.33
81.97030662372708,430190592,29.35
82.07078479975462,430190592,29.38
82.17127661779523,430583808,29.42
82.27194936387241,430583808,29.45
82.37232047133148,430583808,29.49
82.47276511974633,430583808,29.53
82.57366394810379,430977024,29.58
82.6740652564913,430977024,29.62
82.77492856420577,430977024,29.66
82.8753024712205,430977024,29.69
82.97568155638874,430977024,29.72
83.07622784376144,431239168,29.76
83.17695231176913,431239168,29.8
83.27734930068254,431239168,29.83
83.3777637053281,431239168,29.87
83.47813588194549,431632384,29.89
83.57861682772636,431632384,29.92
83.67900998331606,431632384,29.94
83.7793745920062,431632384,29.97
83.87973637878895,431632384,30.01
83.98006918467581,431632384,30.04
84.08050204068422,431632384,30.06
84.18125618807971,431632384,30.1
84.28215331956744,431632384,30.12
84.38487279973924,457523200,30.23
84.48571862094104,431484928,30.37
84.58678345195949,431747072,30.41
84.68712857551873,431747072,30.43
84.7876459248364,431747072,30.46
84.88799276947975,431747072,30.49
84.98854257538915,431747072,30.53
85.08896120451391,431747072,30.55
85.1893261205405,432140288,30.58
85.29039756953716,432140288,30.61
85.39078113622963,432140288,30.63
85.49118835292757,432140288,30.66
85.59163136966527,432140288,30.68
85.69202582538128,432140288,30.72
85.79239972494543,432140288,30.74
85.8928204793483,432533504,30.79
85.99314696341753,432533504,30.83
86.09386538341641,432533504,30.87
86.19425475038588,432926720,30.92
86.29459534585476,432926720,30.95
86.39503857307136,432926720,30.99
86.49553092941642,432926720,31.03
86.59591455571353,433188864,31.09
86.69632153213024,433188864,31.13
86.79684009961784,433188864,31.16
86.89717508666217,433582080,31.21
86.99774053506553,433582080,31.25
87.09840574301779,433582080,31.28
87.19884674064815,433582080,31.3
87.29923124425113,433582080,31.32
87.39967492036521,433582080,31.35
87.5002809278667,433844224,31.4
87.6007801759988,433844224,31.43
87.7012728434056,433844224,31.47
87.80168096907437,433844224,31.51
87.90205127559602,431702016,31.61
88.00243554450572,431702016,31.63
88.10284592024982,431702016,31.65
88.20322144404054,431702016,31.7
88.30362818203866,432095232,31.74
88.40397976897657,432095232,31.78
88.50434463471174,432095232,31.81
88.60477025993168,432095232,31.87
88.70513492822647,432488448,31.91
88.80545326322317,432488448,31.97
88.90579128079116,432881664,32.01
89.00614617392421,432881664,32.05
89.10657835938036,432881664,32.1
89.20722036808729,432881664,32.14
89.30808272957802,431874048,32.25
89.40849121659994,431874048,32.29
89.50915643386543,431874048,32.32
89.60972481966019,431874048,32.36
89.71009650826454,432136192,32.4
89.8104953635484,432136192,32.45
89.91083892062306,432136192,32.5
90.01115632429719,432529408,32.54
90.11149739287794,432529408,32.59
90.21188914775848,432529408,32.61
90.3122847341001,432529408,32.65
90.41274891234934,432529408,32.68
90.51363517157733,432922624,32.72
90.61402871645987,432922624,32.75
90.7144803032279,432922624,32.78
90.81484257057309,432922624,32.81
90.91523532569408,432922624,32.85
91.0158515945077,433184768,32.89
91.1162722595036,433184768,32.93
91.21665281616151,433184768,32.98
91.31696953251958,433446912,33.02
91.4173447676003,433446912,33.05
91.51786915585399,433446912,33.07
91.61843118444085,433446912,33.11
91.71880546957254,433446912,33.14
91.81921244598925,433840128,33.18
91.91978912428021,433840128,33.22
92.02071291394532,433840128,33.26
92.12111617065966,434233344,33.3
92.22182882018387,434233344,33.33
92.3221718557179,434233344,33.36
92.42264789156616,434233344,33.4
92.52298575825989,434233344,33.44
92.623356083408,432967680,33.53
92.72379540093243,432967680,33.57
92.82425070740283,432967680,33.61
92.92462623491883,432967680,33.65
93.02501144073904,432967680,33.7
93.12537130527198,432967680,33.74
93.22582826390862,433360896,33.78
93.3262534905225,433360896,33.82
93.42702359892428,433360896,33.86
93.5274217762053,433360896,33.9
93.62781942076981,433623040,33.95
93.72858442924917,433623040,33.99
93.8289355263114,433623040,34.03
93.92934618145227,433623040,34.06
94.02982042729855,434016256,34.09
94.13062431849539,434016256,34.13
94.23097533360124,434016256,34.16
94.33133181929588,434016256,34.2
94.43187428824604,434409472,34.25
94.53233543410897,434409472,34.28
94.63289673253894,434409472,34.31
94.73331482894719,434409472,34.34
94.83373703621328,434409472,34.37
94.93417016044259,434409472,34.4
95.03482295945287,432652288,34.5
95.1352035664022,432652288,34.55
95.23580923490226,432652288,34.59
95.3361801598221,432652288,34.6
95.43698775954545,432652288,34.62
95.53789140097797,432652288,34.64
95.638314075768,432652288,34.64
95.73871762305498,432652288,34.66
95.83907210826874,432652288,34.68
95.93947801552713,433045504,34.71
96.03983227163553,433045504,34.74
96.14025558903813,433045504,34.78
96.24087191559374,433045504,34.8
96.34132638201118,433045504,34.82
96.44180271960795,433307648,34.86
96.54222813621163,433307648,34.88
96.64264596253633,433307648,34.91
96.74299858883023,433307648,34.94
96.84339961409569,433307648,34.97
96.94430196471512,433307648,34.99
97.04505434446037,433700864,35.02
97.14544603973627,433700864,35.04
97.25009100325406,433700864,35.05
97.35044074989855,433700864,35.07
97.45083975605667,433700864,35.09
97.55120755173266,433700864,35.11
97.65171550773084,433700864,35.14
97.75209647603333,433700864,35.16
97.85274292342365,433700864,35.19
97.95378145202994,433700864,35.21
98.05427803099155,434094080,35.23
98.1561083663255,434094080,35.24
98.25681131333113,434094080,35.26
98.35869009979069,434094080,35.27
98.46086832880974,434094080,35.29
98.56126861646771,434094080,35.31
98.6616703607142,434094080,35.35
98.76206509582698,434094080,35.38
98.86245742440224,434356224,35.41
98.96285147964954,434356224,35.45
99.06325232610106,434356224,35.49
99.16371737234294,434356224,35.52
99.26473695226014,434356224,35.54
99.36511374823749,434356224,35.57
99.46548870392144,434749440,35.59
99.5659962836653,434749440,35.62
99.66648494079709,434749440,35.66
99.76696555688977,434749440,35.69
99.86732993274927,434749440,35.72
99.96803453192115,434749440,35.76
100.06841285526752,435011584,35.8
100.1689517647028,435011584,35.83
100.26941606216133,435011584,35.86
100.36984995752573,435011584,35.87
100.47022612392902,435011584,35.9
100.57197722047567,435011584,35.92
100.67331158183515,435011584,35.94
100.773931350559,435011584,35.96
100.87427667528391,433242112,36.05
100.9747931919992,429244416,36.1
101.07516488991678,429244416,36.12
101.17575669661164,429244416,36.15
101.27617648430169,429244416,36.18
101.37674551270902,429244416,36.21
101.47713849693537,429506560,36.25
101.57744913175702,429506560,36.27
101.67789722979069,429506560,36.3
101.77880244888365,429506560,36.33
101.87915602698922,429506560,36.37
101.97961096279323,429899776,36.4
102.08003926835954,429899776,36.44
102.1804631035775,429899776,36.49
102.28090886212885,429899776,36.5
102.38162836059928,429899776,36.53
102.4822414405644,430292992,36.56
102.58269946463406,430292992,36.59
102.6833982244134,430292992,36.62
102.78386732935905,430292992,36.66
102.88527306355536,431341568,36.74
102.98573750071228,429654016,36.81
103.08613875694573,429654016,36.86
103.18660739250481,429654016,36.9
103.28694163821638,429916160,36.94
103.38811177946627,429916160,36.98
103.48854022845626,429916160,37.03
103.58887055143714,430178304,37.08
103.68928454071283,430178304,37.12
103.79008109867573,430178304,37.17
103.890494864434,430571520,37.21
103.9907961897552,430571520,37.23
104.09118050895631,430571520,37.26
104.1915886849165,430571520,37.3
104.29199850000441,430571520,37.33
104.39305780082941,430571520,37.37
104.49338843673468,430571520,37.41
104.59387560375035,430964736,37.44
104.69476800225675,430964736,37.48
104.79582101292908,430964736,37.52
104.89615879952908,430964736,37.55
104.99655786529183,431357952,37.6
105.0969719607383,431357952,37.64
105.19744249805808,431357952,37.67
105.29785722494125,431357952,37.71
105.39821204170585,431751168,37.77
105.49865311570466,431501312,37.86
105.59903526492417,417021952,37.92
105.69939531944692,417021952,37.96
105.79987756535411,417021952,37.99
105.9002359714359,417284096,38.03
106.00065631978214,417284096,38.05
106.10102203674614,417284096,38.06
106.20135153271258,417284096,38.1
106.30181444808841,417284096,38.13
106.40237230621278,417284096,38.15
106.50279671140015,417677312,38.18
106.60319481790066,417677312,38.21
106.70367203652859,417677312,38.24
106.80462351627648,417677312,38.27
106.90501595288515,417677312,38.31
107.00537572801113,417808384,38.35
107.1058288346976,417808384,38.39
107.20621391199529,417808384,38.42
107.3070532400161,417808384,38.46
107.4074145052582,418070528,38.49
107.50785302370787,418201600,38.52
107.60822913981974,418201600,38.57
107.70864447578788,418201600,38.62
107.80897299200296,418594816,38.68
107.90936130844057,418594816,38.72
108.00984499417245,418594816,38.75
108.11017898097634,418856960,38.79
108.21060351654887,418856960,38.84
108.31122599542141,418856960,38.86
108.41193367168307,418856960,38.9
108.51227032765746,418856960,38.94
108.61264228448272,419250176,38.99
108.71303494088352,419250176,39.04
108.81340756826103,419250176,39.08
108.91380122490227,418516992,39.15
109.01412234827876,414384128,39.21
109.1145705152303,414384128,39.26
109.21591358073056,414384128,39.3
109.31622036360204,414384128,39.33
109.41689643263817,414777344,39.37
109.51725877821445,414777344,39.41
109.61766202375293,414777344,39.45
109.71798389218748,415039488,39.48
109.81834993697703,415039488,39.52
109.91878074407578,415039488,39.56
110.01927480101585,415039488,39.59
110.1196229569614,415301632,39.64
110.21997778490186,415301632,39.67
110.32038546726108,415301632,39.7
110.42076557688415,415301632,39.73
110.5211451612413,415301632,39.75
110.62347714044154,415301632,39.78
110.72393926605582,415694848,39.8
110.82483069598675,415694848,39.83
110.92518407292664,415694848,39.85
111.0257757101208,415694848,39.86
111.12627687677741,415694848,39.88
111.22676700353622,415694848,39.89
111.32712155021727,415694848,39.93
111.42758857645094,416088064,39.96
111.52884549833834,416088064,39.99
111.62985000759363,416088064,40.0
111.73026405647397,416088064,40.03
111.83073241263628,416088064,40.06
111.93108772858977,416088064,40.1
112.03142844326794,416591872,40.2
112.13184843957424,416591872,40.26
112.23279331997037,416591872,40.29
112.33320160768926,416591872,40.32
112.43366546370089,416591872,40.36
112.53541542775929,416985088,40.4
112.63589793629944,416985088,40.45
112.7362908422947,416985088,40.48
112.8367275185883,416985088,40.52
112.93708874471486,416985088,40.56
113.03745000064373,417247232,40.6
113.13788917660713,417247232,40.66
113.2383644245565,417247232,40.7
113.33879985287786,417509376,40.73
113.43929047882557,417509376,40.76
113.53992636501789,417509376,40.79
113.64056583121419,417509376,40.81
113.74093581922352,417509376,40.85
113.8416955973953,417509376,40.88
113.94222753681242,417509376,40.92
114.04331446625292,417509376,40.96
114.1436934247613,417902592,41.0
114.24406333826482,417902592,41.04
114.3444415833801,417902592,41.07
114.44510423205793,417902592,41.09
114.54561924003065,417902592,41.12
114.64615857601166,418295808,41.16
114.74794516339898,418295808,41.19
114.84840648807585,418295808,41.21
114.94897281564772,418295808,41.24
115.04930358193815,418295808,41.28
115.14968158863485,418689024,41.33
115.25017015635967,418689024,41.37
115.35072240233421,418689024,41.41
115.45179221220315,416907264,41.49
115.55220830067992,416907264,41.56
115.65263321623206,416907264,41.6
115.75308200158179,416907264,41.64
115.85345700755715,416907264,41.66
115.95385485701263,416907264,41.7
116.05423351190984,417169408,41.73
116.15469120815396,417169408,41.77
116.25508041493595,417169408,41.8
116.35555928014219,417169408,41.83
116.45609467849135,417431552,41.88
116.55649893544614,417431552,41.91
116.65780906751752,417431552,41.95
116.75820197351277,417431552,41.99
116.8585720397532,417824768,42.03
116.95898706652224,417824768,42.06
117.05940655246377,417824768,42.09
117.16000667959452,417824768,42.13
117.26046173647046,417824768,42.15
117.36095442436635,417824768,42.16
117.46199720352888,418217984,42.19
117.56236336007714,418217984,42.21
117.66270265541971,418217984,42.24
117.76302217133343,418217984,42.28
117.86340640857816,418217984,42.3
117.96380008384585,418217984,42.33
118.06418821029365,418217984,42.36
118.16496114060283,418480128,42.4
118.26535201631486,418480128,42.43
118.36579132266343,418480128,42.45
118.46614115871489,418480128,42.49
118.56649520434439,418480128,42.51
118.66694141924381,418873344,42.57
118.76727255620062,418873344,42.61
118.86762053146958,418873344,42.66
118.96809235960245,419266560,42.69
119.06843276321888,419266560,42.73
119.16880790144205,419266560,42.76
119.26964171975851,419266560,42.79
119.37000354751945,419266560,42.83
119.47036544419825,419397632,42.83
119.57084039971232,419794944,42.92
119.67118597589433,415723520,42.97
119.7715748604387,415723520,42.99
119.87188615649939,415723520,43.04
119.97220812365413,416116736,43.08
120.0727229397744,416116736,43.11
120.17515539936721,416116736,43.15
120.27559592574835,416116736,43.17
120.37780841439962,416116736,43.21
120.47814971022308,416378880,43.25
120.578578395769,416378880,43.27
120.67889796197414,416378880,43.31
120.77988124266267,416378880,43.34
120.88037186861038,416772096,43.38
120.98089907690883,416772096,43.4
121.08131152391434,416772096,43.44
121.1817867308855,416772096,43.48
121.28219955600798,416772096,43.51
121.38265844248235,416133120,43.59
121.48320984095335,416133120,43.65
121.58360318653286,416133120,43.69
121.6839685626328,416133120,43.73
121.7843585088849,416133120,43.78
121.8847528770566,416395264,43.82
121.98540860414505,416395264,43.86
122.08586540073156,416395264,43.88
122.1863181963563,416395264,43.92
122.28669888153672,416788480,43.94
122.38733359985054,416788480,43.97
122.48785647563636,416788480,43.99
122.58823321200907,416788480,44.03
122.68870053067803,416788480,44.08
122.78912118636072,417181696,44.13
122.88957831263542,417181696,44.17
122.98994491063058,417181696,44.22
123.09085012041032,417181696,44.28
